introandgym:20-Title&Gym.ogg
newbark:1-New_Bark.ogg
cherrygrove:2-Cherrygrove_Town.ogg
violet:3-Violet_Town.ogg
azalea:4-Azalea_Town.ogg
goldenrod:5-GoldenrodCity.ogg
ecruteak:6-Ecruteak_Town.ogg
darkcave:7-Dark_Cave.ogg
sprouttower:8-Sprout_Tower.ogg
ruinsofalph:9-Ruins_of_Alph.ogg
nationalpark:10-National_Park.ogg
burnedtower:11-Burned_Tower.ogg
tintower:12-Tin_Tower.ogg
lighthouse:13-Lighthouse.ogg
dragonsden:14-Dragon_Den.ogg
pokecenter:15-PokeCenter.ogg
pvnpc:18-GSBattle_PvNPC.ogg
pvgymleader:19-PvGymLeader.ogg
route:21-Route.ogg
pallet:22-Pallet_Town.ogg
pewter:23-Pewter_City.ogg
vermillion:24-Vermillion_City.ogg
lavender:25-Lavendar_Town.ogg
canalave:28-Canalave_City.ogg
jubilife:29-Jubilife_City.ogg
twinleaf:30-Twinleaf_Town.ogg
floaroma:31-Floaroma_City.ogg
eternaforest:32-Eterna_Forest.ogg
eternacity:33-Eterna_city.ogg
oreburgh:34-Oreburgh_City.ogg
mtcoronet:35-Mt._Coronet.ogg
hearthome:36-Hearthome_City.ogg
solaceon:37-Solaceon_Town.ogg
veilstone:38-Veilstone_City.ogg
pastoria:39-Great_Marsh.ogg
sunnyshore:40-Sunyshore.ogg
snowpoint:41-Snowpoint.ogg
underground:42-Underground.ogg
littleroot:43-Littleroute_Town.ogg
odale:44-Odale_Town.ogg
petallburghc:45-Petallburgh_City.ogg
petallburghf:46-Petalburg_Forest.ogg
rustboro:47-Rustboro_City.ogg
dewford:48-Dewford_Town.ogg
slateport:49-Slateport_City.ogg
verdanturf:50-Verdanturf_Town.ogg
fallarbor:51-Fallarbor_Town.ogg
fortree:52-Fortree_City.ogg
lilycove:53-Lilycove_City.ogg